{"min_": [-1.4087591240875914, -0.6491321982252785, -1.933333333333333, -0.0002943124126260025, -0.5198671337455165, -1.4087591240875916, -8.656883965762264e-08, -0.7680365296803652, -1.9333333333333327, -5.837482056652782, -0.048911995605699414, -5.245235594201701, -0.8695652173913043, -0.00027606617573393163, -0.00027446555457290116], "scale_": [0.07299270072992702, 0.014090918449280437, 0.33333333333333326, 0.0007357810315650063, 0.001395653933650612, 46.48905109489052, 5.410552478601414e-07, 0.022831050228310498, 17.01333333333333, 1.9389628510536454, 0.14536710694725935, 2.7362792638931692, 0.006587615283267457, 9.276417195360607e-05, 2.5413477275268622e-05], "data_min_": [19.3, 46.067415730337075, 5.8, 0.4, 372.49, 0.030303030303030304, 0.16000000000000003, 33.64, 0.11363636363636363, 3.0106208860477417, 0.33647223662121295, 1.916922612182061, 132.0, 2.976, 10.8], "data_max_": [33.0, 117.03511053315994, 8.8, 1359.5, 1089.0, 0.05181347150259067, 1848240.25, 77.44000000000001, 0.1724137931034483, 3.5263605246161616, 7.215607558223301, 2.2823823856765264, 283.8, 10782.999999999998, 39360.0], "data_range_": [13.7, 70.96769480282286, 3.000000000000001, 1359.1, 716.51, 0.021510441199560366, 1848240.09, 43.80000000000001, 0.058777429467084655, 0.5157396385684199, 6.879135321602088, 0.36545977349446535, 151.8, 10780.023999999998, 39349.2], "feature_names": ["Temp", "OD%", "PH", "EC", "Temp2", "Temp_inv", "CE2", "pH2", "pH_inv", "log_TEMP", "log_CE", "log_pH", "Temp_x_pH", "pH_x_CE", "Temp_x_CE"]}